,Date,Train Predict,Test Predict
0,2017-05-17,,
1,2017-05-18,,
2,2017-05-19,,
3,2017-05-20,,
4,2017-05-21,,
5,2017-05-22,,
6,2017-05-23,,
7,2017-05-24,,
8,2017-05-25,,
9,2017-05-26,,
10,2017-05-27,,
11,2017-05-28,,
12,2017-05-29,,
13,2017-05-30,,
14,2017-05-31,,
15,2017-06-01,,
16,2017-06-02,,
17,2017-06-03,,
18,2017-06-04,,
19,2017-06-05,,
20,2017-06-06,,
21,2017-06-07,,
22,2017-06-08,,
23,2017-06-09,,
24,2017-06-10,,
25,2017-06-11,,
26,2017-06-12,,
27,2017-06-13,,
28,2017-06-14,,
29,2017-06-15,,
30,2017-06-16,,
31,2017-06-17,,
32,2017-06-18,,
33,2017-06-19,,
34,2017-06-20,,
35,2017-06-21,,
36,2017-06-22,,
37,2017-06-23,,
38,2017-06-24,,
39,2017-06-25,,
40,2017-06-26,,
41,2017-06-27,,
42,2017-06-28,,
43,2017-06-29,,
44,2017-06-30,,
45,2017-07-01,,
46,2017-07-02,,
47,2017-07-03,,
48,2017-07-04,,
49,2017-07-05,,
50,2017-07-06,,
51,2017-07-07,,
52,2017-07-08,,
53,2017-07-09,,
54,2017-07-10,,
55,2017-07-11,,
56,2017-07-12,,
57,2017-07-13,,
58,2017-07-14,,
59,2017-07-15,,
60,2017-07-16,,
61,2017-07-17,,
62,2017-07-18,,
63,2017-07-19,,
64,2017-07-20,,
65,2017-07-21,,
66,2017-07-22,,
67,2017-07-23,,
68,2017-07-24,,
69,2017-07-25,,
70,2017-07-26,,
71,2017-07-27,,
72,2017-07-28,,
73,2017-07-29,,
74,2017-07-30,,
75,2017-07-31,,
76,2017-08-01,,
77,2017-08-02,,
78,2017-08-03,,
79,2017-08-04,,
80,2017-08-05,,
81,2017-08-06,,
82,2017-08-07,,
83,2017-08-08,,
84,2017-08-09,,
85,2017-08-10,,
86,2017-08-11,,
87,2017-08-12,,
88,2017-08-13,,
89,2017-08-14,,
90,2017-08-15,,
91,2017-08-16,,
92,2017-08-17,,
93,2017-08-18,,
94,2017-08-19,,
95,2017-08-20,,
96,2017-08-21,,
97,2017-08-22,,
98,2017-08-23,,
99,2017-08-24,,
100,2017-08-25,5065.189453125,
101,2017-08-26,5245.45166015625,
102,2017-08-27,5273.03759765625,
103,2017-08-28,5264.37255859375,
104,2017-08-29,5305.203125,
105,2017-08-30,5309.5478515625,
106,2017-08-31,5476.87646484375,
107,2017-09-01,5456.37646484375,
108,2017-09-02,5603.8134765625,
109,2017-09-03,5773.1455078125,
110,2017-09-04,5501.70361328125,
111,2017-09-05,5537.61962890625,
112,2017-09-06,5188.4970703125,
113,2017-09-07,5343.70068359375,
114,2017-09-08,5492.25927734375,
115,2017-09-09,5509.6796875,
116,2017-09-10,5182.11767578125,
117,2017-09-11,5201.248046875,
118,2017-09-12,5075.61328125,
119,2017-09-13,5124.02978515625,
120,2017-09-14,5072.26318359375,
121,2017-09-15,4841.798828125,
122,2017-09-16,4264.77001953125,
123,2017-09-17,4650.11083984375,
124,2017-09-18,4533.28369140625,
125,2017-09-19,4548.828125,
126,2017-09-20,4980.16943359375,
127,2017-09-21,4810.541015625,
128,2017-09-22,4844.29296875,
129,2017-09-23,4577.6259765625,
130,2017-09-24,4603.26708984375,
131,2017-09-25,4733.17041015625,
132,2017-09-26,4618.044921875,
133,2017-09-27,4862.3115234375,
134,2017-09-28,4804.79541015625,
135,2017-09-29,5109.3603515625,
136,2017-09-30,5064.314453125,
137,2017-10-01,5091.57080078125,
138,2017-10-02,5248.3125,
139,2017-10-03,5295.60302734375,
140,2017-10-04,5320.09326171875,
141,2017-10-05,5245.2333984375,
142,2017-10-06,5173.65087890625,
143,2017-10-07,5258.314453125,
144,2017-10-08,5288.24755859375,
145,2017-10-09,5347.47412109375,
146,2017-10-10,5512.38525390625,
147,2017-10-11,5654.2236328125,
148,2017-10-12,5675.36474609375,
149,2017-10-13,5725.69091796875,
150,2017-10-14,6280.87939453125,
151,2017-10-15,6417.96630859375,
152,2017-10-16,6630.00244140625,
153,2017-10-17,6516.9658203125,
154,2017-10-18,6595.2978515625,
155,2017-10-19,6471.783203125,
156,2017-10-20,6470.17578125,
157,2017-10-21,6564.1767578125,
158,2017-10-22,6803.1826171875,
159,2017-10-23,6837.9443359375,
160,2017-10-24,6835.79931640625,
161,2017-10-25,6783.38330078125,
162,2017-10-26,6443.8525390625,
163,2017-10-27,6637.43896484375,
164,2017-10-28,6725.587890625,
165,2017-10-29,6646.68603515625,
166,2017-10-30,6626.642578125,
167,2017-10-31,6920.31103515625,
168,2017-11-01,6925.5380859375,
169,2017-11-02,7206.45751953125,
170,2017-11-03,7472.54638671875,
171,2017-11-04,7744.2265625,
172,2017-11-05,7830.33056640625,
173,2017-11-06,8048.2275390625,
174,2017-11-07,8059.65185546875,
175,2017-11-08,7793.59423828125,
176,2017-11-09,7891.55078125,
177,2017-11-10,8101.82763671875,
178,2017-11-11,7902.0576171875,
179,2017-11-12,7488.15087890625,
180,2017-11-13,7210.7705078125,
181,2017-11-14,6880.591796875,
182,2017-11-15,7363.00146484375,
183,2017-11-16,7373.1591796875,
184,2017-11-17,7958.1552734375,
185,2017-11-18,8353.0107421875,
186,2017-11-19,8296.6552734375,
187,2017-11-20,8393.623046875,
188,2017-11-21,8601.302734375,
189,2017-11-22,8757.2236328125,
190,2017-11-23,8694.546875,
191,2017-11-24,8824.560546875,
192,2017-11-25,8697.900390625,
193,2017-11-26,8836.1259765625,
194,2017-11-27,9221.857421875,
195,2017-11-28,9589.24609375,
196,2017-11-29,9908.708984375,
197,2017-11-30,10143.341796875,
198,2017-12-01,10195.3642578125,
199,2017-12-02,10369.958984375,
200,2017-12-03,10823.927734375,
201,2017-12-04,11022.76171875,
202,2017-12-05,11273.18359375,
203,2017-12-06,11554.6416015625,
204,2017-12-07,11786.42578125,
205,2017-12-08,13237.84765625,
206,2017-12-09,15735.8076171875,
207,2017-12-10,15476.95703125,
208,2017-12-11,15112.697265625,
209,2017-12-12,15166.5771484375,
210,2017-12-13,16045.1875,
211,2017-12-14,16504.623046875,
212,2017-12-15,16003.7685546875,
213,2017-12-16,16200.537109375,
214,2017-12-17,16865.71875,
215,2017-12-18,18109.79296875,
216,2017-12-19,18036.73828125,
217,2017-12-20,18318.341796875,
218,2017-12-21,17373.146484375,
219,2017-12-22,16628.052734375,
220,2017-12-23,15932.12109375,
221,2017-12-24,14084.564453125,
222,2017-12-25,13873.6025390625,
223,2017-12-26,13645.21484375,
224,2017-12-27,13833.236328125,
225,2017-12-28,15132.943359375,
226,2017-12-29,15115.3857421875,
227,2017-12-30,14657.7216796875,
228,2017-12-31,14582.3310546875,
229,2018-01-01,13020.810546875,
230,2018-01-02,13284.849609375,
231,2018-01-03,13177.2548828125,
232,2018-01-04,14241.5107421875,
233,2018-01-05,14525.646484375,
234,2018-01-06,14910.203125,
235,2018-01-07,16277.0615234375,
236,2018-01-08,16492.8515625,
237,2018-01-09,16115.6982421875,
238,2018-01-10,15205.5419921875,
239,2018-01-11,14656.4287109375,
240,2018-01-12,14721.4833984375,
241,2018-01-13,13521.361328125,
242,2018-01-14,13546.3388671875,
243,2018-01-15,13823.6396484375,
244,2018-01-16,13633.1552734375,
245,2018-01-17,13701.5859375,
246,2018-01-18,11531.109375,
247,2018-01-19,10909.85546875,
248,2018-01-20,11097.697265625,
249,2018-01-21,11450.8486328125,
250,2018-01-22,12293.716796875,
251,2018-01-23,11755.97265625,
252,2018-01-24,11387.4267578125,
253,2018-01-25,11224.7158203125,
254,2018-01-26,11445.0478515625,
255,2018-01-27,11386.8134765625,
256,2018-01-28,11374.8955078125,
257,2018-01-29,11518.7470703125,
258,2018-01-30,11699.818359375,
259,2018-01-31,11513.65234375,
260,2018-02-01,10502.265625,
261,2018-02-02,10341.0166015625,
262,2018-02-03,9693.8994140625,
263,2018-02-04,9481.3916015625,
264,2018-02-05,9629.2275390625,
265,2018-02-06,8954.990234375,
266,2018-02-07,7945.408203125,
267,2018-02-08,8450.751953125,
268,2018-02-09,8289.9794921875,
269,2018-02-10,8800.8466796875,
270,2018-02-11,9149.9091796875,
271,2018-02-12,9219.9111328125,
272,2018-02-13,8807.5283203125,
273,2018-02-14,9219.7783203125,
274,2018-02-15,9163.75,
275,2018-02-16,9589.9609375,
276,2018-02-17,9975.896484375,
277,2018-02-18,10217.5908203125,
278,2018-02-19,10837.59375,
279,2018-02-20,10712.51953125,
280,2018-02-21,11153.5751953125,
281,2018-02-22,11297.271484375,
282,2018-02-23,11007.0517578125,
283,2018-02-24,10383.84375,
284,2018-02-25,10361.275390625,
285,2018-02-26,10200.0029296875,
286,2018-02-27,10160.6806640625,
287,2018-02-28,10447.54296875,
288,2018-03-01,10681.578125,
289,2018-03-02,10639.82421875,
290,2018-03-03,10975.8134765625,
291,2018-03-04,11107.455078125,
292,2018-03-05,11413.861328125,
293,2018-03-06,11514.1923828125,
294,2018-03-07,11571.814453125,
295,2018-03-08,11149.107421875,
296,2018-03-09,10369.0966796875,
297,2018-03-10,9877.0634765625,
298,2018-03-11,9827.8828125,
299,2018-03-12,9494.4658203125,
300,2018-03-13,9763.1162109375,
301,2018-03-14,9670.25390625,
302,2018-03-15,9756.15625,
303,2018-03-16,8969.2744140625,
304,2018-03-17,8910.7958984375,
305,2018-03-18,8895.78125,
306,2018-03-19,8585.912109375,
307,2018-03-20,8918.8154296875,
308,2018-03-21,9180.751953125,
309,2018-03-22,9453.3095703125,
310,2018-03-23,9503.6455078125,
311,2018-03-24,9351.3623046875,
312,2018-03-25,9443.615234375,
313,2018-03-26,9231.595703125,
314,2018-03-27,9102.607421875,
315,2018-03-28,8809.314453125,
316,2018-03-29,8521.3408203125,
317,2018-03-30,8620.521484375,
318,2018-03-31,7989.04052734375,
319,2018-04-01,7780.6279296875,
320,2018-04-02,7796.1962890625,
321,2018-04-03,7648.97900390625,
322,2018-04-04,7846.244140625,
323,2018-04-05,8097.86572265625,
324,2018-04-06,7643.32568359375,
325,2018-04-07,7644.65185546875,
326,2018-04-08,7450.26953125,
327,2018-04-09,7683.65869140625,
328,2018-04-10,7754.50244140625,
329,2018-04-11,7580.40771484375,
330,2018-04-12,7625.50146484375,
331,2018-04-13,7696.37353515625,
332,2018-04-14,8428.568359375,
333,2018-04-15,8409.431640625,
334,2018-04-16,8585.5478515625,
335,2018-04-17,8848.5478515625,
336,2018-04-18,8697.494140625,
337,2018-04-19,8596.37109375,
338,2018-04-20,8744.6455078125,
339,2018-04-21,8865.2216796875,
340,2018-04-22,9269.896484375,
341,2018-04-23,9448.3916015625,
342,2018-04-24,9407.345703125,
343,2018-04-25,9485.404296875,
344,2018-04-26,9811.833984375,
345,2018-04-27,9418.2734375,
346,2018-04-28,9644.2900390625,
347,2018-04-29,9486.7275390625,
348,2018-04-30,9709.4677734375,
349,2018-05-01,9823.681640625,
350,2018-05-02,9799.87890625,
351,2018-05-03,9673.3125,
352,2018-05-04,9731.1865234375,
353,2018-05-05,9945.4111328125,
354,2018-05-06,10037.962890625,
355,2018-05-07,10152.28515625,
356,2018-05-08,10092.0478515625,
357,2018-05-09,9922.099609375,
358,2018-05-10,9756.0224609375,
359,2018-05-11,9796.60546875,
360,2018-05-12,9626.8486328125,
361,2018-05-13,9096.13671875,
362,2018-05-14,9070.5810546875,
363,2018-05-15,9263.810546875,
364,2018-05-16,9329.328125,
365,2018-05-17,9151.43359375,
366,2018-05-18,8974.3359375,
367,2018-05-19,8712.6416015625,
368,2018-05-20,8845.2890625,
369,2018-05-21,8857.5322265625,
370,2018-05-22,9112.9326171875,
371,2018-05-23,9058.876953125,
372,2018-05-24,8683.2490234375,
373,2018-05-25,8294.8095703125,
374,2018-05-26,8312.5859375,
375,2018-05-27,8203.2265625,
376,2018-05-28,8108.48046875,
377,2018-05-29,8099.21337890625,
378,2018-05-30,7900.96435546875,
379,2018-05-31,8160.56787109375,
380,2018-06-01,8087.8408203125,
381,2018-06-02,8186.91015625,
382,2018-06-03,8204.130859375,
383,2018-06-04,8288.5986328125,
384,2018-06-05,8358.6240234375,
385,2018-06-06,8200.9453125,
386,2018-06-07,8303.92578125,
387,2018-06-08,8306.564453125,
388,2018-06-09,8344.7275390625,
389,2018-06-10,8304.3447265625,
390,2018-06-11,8208.265625,
391,2018-06-12,7662.78369140625,
392,2018-06-13,7737.37646484375,
393,2018-06-14,7433.7919921875,
394,2018-06-15,7238.34033203125,
395,2018-06-16,7469.154296875,
396,2018-06-17,7267.853515625,
397,2018-06-18,7362.27392578125,
398,2018-06-19,7308.37255859375,
399,2018-06-20,7504.96435546875,
400,2018-06-21,7517.2724609375,
401,2018-06-22,7544.7265625,
402,2018-06-23,7512.1630859375,
403,2018-06-24,6995.10791015625,
404,2018-06-25,7060.69384765625,
405,2018-06-26,7013.15625,
406,2018-06-27,7085.32421875,
407,2018-06-28,6934.958984375,
408,2018-06-29,7000.072265625,
409,2018-06-30,6772.29736328125,
410,2018-07-01,7044.04541015625,
411,2018-07-02,7174.32080078125,
412,2018-07-03,7172.4140625,
413,2018-07-04,7358.88818359375,
414,2018-07-05,7321.02587890625,
415,2018-07-06,7382.248046875,
416,2018-07-07,7410.01806640625,
417,2018-07-08,7442.18798828125,
418,2018-07-09,7595.73583984375,
419,2018-07-10,7532.52099609375,
420,2018-07-11,7521.74755859375,
421,2018-07-12,7188.9453125,
422,2018-07-13,7247.57275390625,
423,2018-07-14,7081.06298828125,
424,2018-07-15,7098.93798828125,
425,2018-07-16,7098.712890625,
426,2018-07-17,7167.66015625,
427,2018-07-18,7472.1787109375,
428,2018-07-19,7925.8720703125,
429,2018-07-20,7999.63037109375,
430,2018-07-21,8116.82080078125,
431,2018-07-22,8040.4638671875,
432,2018-07-23,8109.42236328125,
433,2018-07-24,8101.86474609375,
434,2018-07-25,8341.3291015625,
435,2018-07-26,8819.98828125,
436,2018-07-27,8739.1669921875,
437,2018-07-28,8606.3232421875,
438,2018-07-29,8757.1962890625,
439,2018-07-30,8800.6015625,
440,2018-07-31,8833.15625,
441,2018-08-01,8795.685546875,
442,2018-08-02,8456.5810546875,
443,2018-08-03,8353.140625,
444,2018-08-04,8273.0205078125,
445,2018-08-05,8170.818359375,
446,2018-08-06,7845.52001953125,
447,2018-08-07,7857.4814453125,
448,2018-08-08,7739.08203125,
449,2018-08-09,7572.31103515625,
450,2018-08-10,7203.84423828125,
451,2018-08-11,7402.6533203125,
452,2018-08-12,7047.4619140625,
453,2018-08-13,7149.0771484375,
454,2018-08-14,7153.1689453125,
455,2018-08-15,7118.3759765625,
456,2018-08-16,7061.70263671875,
457,2018-08-17,7117.9052734375,
458,2018-08-18,7148.53564453125,
459,2018-08-19,7348.67578125,
460,2018-08-20,7217.77197265625,
461,2018-08-21,7303.76416015625,
462,2018-08-22,7128.60791015625,
463,2018-08-23,7292.271484375,
464,2018-08-24,7178.30029296875,
465,2018-08-25,7342.58056640625,
466,2018-08-26,7461.955078125,
467,2018-08-27,7505.34228515625,
468,2018-08-28,7482.0595703125,
469,2018-08-29,7631.70703125,
470,2018-08-30,7787.0205078125,
471,2018-08-31,7764.6328125,
472,2018-09-01,7727.25439453125,
473,2018-09-02,7782.82861328125,
474,2018-09-03,7893.546875,
475,2018-09-04,7968.5107421875,
476,2018-09-05,7967.52783203125,
477,2018-09-06,8052.30810546875,
478,2018-09-07,7581.1298828125,
479,2018-09-08,7414.22412109375,
480,2018-09-09,7311.302734375,
481,2018-09-10,7103.75634765625,
482,2018-09-11,7154.830078125,
483,2018-09-12,7153.30810546875,
484,2018-09-13,7143.0908203125,
485,2018-09-14,7170.07177734375,
486,2018-09-15,7297.8681640625,
487,2018-09-16,7292.88720703125,
488,2018-09-17,7327.634765625,
489,2018-09-18,7308.85546875,
490,2018-09-19,7125.55517578125,
491,2018-09-20,7201.1103515625,
492,2018-09-21,7203.31591796875,
493,2018-09-22,7303.216796875,
494,2018-09-23,7477.1953125,
495,2018-09-24,7469.02880859375,
496,2018-09-25,7479.1904296875,
497,2018-09-26,7399.10400390625,
498,2018-09-27,7282.42724609375,
499,2018-09-28,7310.91259765625,
500,2018-09-29,7445.72314453125,
501,2018-09-30,7417.09619140625,
502,2018-10-01,7399.3916015625,
503,2018-10-02,7409.00830078125,
504,2018-10-03,7387.01806640625,
505,2018-10-04,7356.8935546875,
506,2018-10-05,7309.99609375,
507,2018-10-06,7368.8544921875,
508,2018-10-07,7401.5009765625,
509,2018-10-08,7381.08203125,
510,2018-10-09,7391.908203125,
511,2018-10-10,7432.419921875,
512,2018-10-11,7423.15478515625,
513,2018-10-12,7384.63134765625,
514,2018-10-13,7103.96435546875,
515,2018-10-14,7136.40478515625,
516,2018-10-15,7115.44677734375,
517,2018-10-16,7121.0498046875,
518,2018-10-17,7365.2646484375,
519,2018-10-18,7351.60888671875,
520,2018-10-19,7337.62548828125,
521,2018-10-20,7285.34521484375,
522,2018-10-21,7273.3857421875,
523,2018-10-22,7292.46484375,
524,2018-10-23,7287.62158203125,
525,2018-10-24,7278.1435546875,
526,2018-10-25,7282.875,
527,2018-10-26,7286.578125,
528,2018-10-27,7273.8935546875,
529,2018-10-28,7284.37890625,
530,2018-10-29,7284.3876953125,
531,2018-10-30,7293.26953125,
532,2018-10-31,7167.51025390625,
533,2018-11-01,7170.5634765625,
534,2018-11-02,7142.359375,
535,2018-11-03,7192.1357421875,
536,2018-11-04,7193.71533203125,
537,2018-11-05,7180.50390625,
538,2018-11-06,7179.08740234375,
539,2018-11-07,7234.56689453125,
540,2018-11-08,7261.83935546875,
541,2018-11-09,7310.23681640625,
542,2018-11-10,7248.1474609375,
543,2018-11-11,7209.20849609375,
544,2018-11-12,7226.45849609375,
545,2018-11-13,7221.16845703125,
546,2018-11-14,7191.27978515625,
547,2018-11-15,7172.97314453125,
548,2018-11-16,6664.443359375,
549,2018-11-17,6596.52099609375,
550,2018-11-18,6490.4189453125,
551,2018-11-19,6467.7705078125,
552,2018-11-20,6502.8701171875,
553,2018-11-21,5846.77880859375,
554,2018-11-22,5517.58837890625,
555,2018-11-23,5596.23193359375,
556,2018-11-24,5332.97314453125,
557,2018-11-25,5328.66943359375,
558,2018-11-26,4872.890625,
559,2018-11-27,5014.75732421875,
560,2018-11-28,4731.63232421875,
561,2018-11-29,4805.66552734375,
562,2018-11-30,5179.1708984375,
563,2018-12-01,5177.93798828125,
564,2018-12-02,4966.32861328125,
565,2018-12-03,5141.6103515625,
566,2018-12-04,5068.91796875,
567,2018-12-05,4848.9150390625,
568,2018-12-06,4920.86962890625,
569,2018-12-07,4708.97314453125,
570,2018-12-08,4500.07080078125,
571,2018-12-09,4406.419921875,
572,2018-12-10,4440.1630859375,
573,2018-12-11,4554.41357421875,
574,2018-12-12,4436.57958984375,
575,2018-12-13,4379.69873046875,
576,2018-12-14,4436.45556640625,
577,2018-12-15,4261.01806640625,
578,2018-12-16,4211.134765625,
579,2018-12-17,4191.359375,
580,2018-12-18,4202.71533203125,
581,2018-12-19,4473.017578125,
582,2018-12-20,4604.876953125,
583,2018-12-21,4651.3154296875,
584,2018-12-22,5024.43994140625,
585,2018-12-23,4793.85595703125,
586,2018-12-24,4957.89697265625,
587,2018-12-25,4914.52783203125,
588,2018-12-26,5009.67529296875,
589,2018-12-27,4760.685546875,
590,2018-12-28,4818.06982421875,
591,2018-12-29,4607.0009765625,
592,2018-12-30,4883.09033203125,
593,2018-12-31,4743.42822265625,
594,2019-01-01,4814.85400390625,
595,2019-01-02,4686.73974609375,
596,2019-01-03,4797.2880859375,
597,2019-01-04,4854.48779296875,
598,2019-01-05,4768.41552734375,
599,2019-01-06,4796.69921875,
600,2019-01-07,4774.7275390625,
601,2019-01-08,5001.80126953125,
602,2019-01-09,4939.69580078125,
603,2019-01-10,4966.23681640625,
604,2019-01-11,4963.96728515625,
605,2019-01-12,4636.2451171875,
606,2019-01-13,4668.14404296875,
607,2019-01-14,4611.611328125,
608,2019-01-15,4519.671875,
609,2019-01-16,4653.46875,
610,2019-01-17,4567.115234375,
611,2019-01-18,4600.9111328125,
612,2019-01-19,4615.02734375,
613,2019-01-20,4593.3095703125,
614,2019-01-21,4663.46142578125,
615,2019-01-22,4540.49951171875,
616,2019-01-23,4530.80078125,
617,2019-01-24,4549.7900390625,
618,2019-01-25,4527.52099609375,
619,2019-01-26,4550.41162109375,
620,2019-01-27,4539.3017578125,
621,2019-01-28,4546.4638671875,
622,2019-01-29,4525.79052734375,
623,2019-01-30,4419.37060546875,
624,2019-01-31,4401.03271484375,
625,2019-02-01,4432.00732421875,
626,2019-02-02,4403.3291015625,
627,2019-02-03,4428.6259765625,
628,2019-02-04,4453.55078125,
629,2019-02-05,4407.73193359375,
630,2019-02-06,4401.20751953125,
631,2019-02-07,4411.48681640625,
632,2019-02-08,4358.978515625,
633,2019-02-09,4349.95361328125,
634,2019-02-10,4600.029296875,
635,2019-02-11,4583.275390625,
636,2019-02-12,4626.0234375,
637,2019-02-13,4574.9072265625,
638,2019-02-14,4595.5634765625,
639,2019-02-15,4570.337890625,
640,2019-02-16,4561.32470703125,
641,2019-02-17,4557.75537109375,
642,2019-02-18,4574.16064453125,
643,2019-02-19,4608.00537109375,
644,2019-02-20,4830.25830078125,
645,2019-02-21,4851.5263671875,
646,2019-02-22,4919.689453125,
647,2019-02-23,4876.484375,
648,2019-02-24,4931.6572265625,
649,2019-02-25,5061.12939453125,
650,2019-02-26,4748.72412109375,
651,2019-02-27,4845.5234375,
652,2019-02-28,4794.76611328125,
653,2019-03-01,4796.9072265625,
654,2019-03-02,4794.70361328125,
655,2019-03-03,4796.07666015625,
656,2019-03-04,4801.6279296875,
657,2019-03-05,4785.185546875,
658,2019-03-06,4707.4970703125,
659,2019-03-07,4837.8857421875,
660,2019-03-08,4828.7099609375,
661,2019-03-09,4848.72998046875,
662,2019-03-10,4829.64697265625,
663,2019-03-11,4899.95751953125,
664,2019-03-12,4883.21337890625,
665,2019-03-13,4844.58447265625,
666,2019-03-14,4854.638671875,
667,2019-03-15,4844.59033203125,
668,2019-03-16,4865.26904296875,
669,2019-03-17,4897.04150390625,
670,2019-03-18,4973.87109375,
671,2019-03-19,4955.9873046875,
672,2019-03-20,4966.95263671875,
673,2019-03-21,5000.99560546875,
674,2019-03-22,5013.1962890625,
675,2019-03-23,4965.14501953125,
676,2019-03-24,4964.31982421875,
677,2019-03-25,4972.291015625,
678,2019-03-26,4961.587890625,
679,2019-03-27,4912.0224609375,
680,2019-03-28,4927.6650390625,
681,2019-03-29,5017.04443359375,
682,2019-03-30,4994.94580078125,
683,2019-03-31,5025.369140625,
684,2019-04-01,5034.6982421875,
685,2019-04-02,5037.8505859375,
686,2019-04-03,5085.9765625,
687,2019-04-04,5733.193359375,
688,2019-04-05,5783.9970703125,
689,2019-04-06,5799.31787109375,
690,2019-04-07,5909.75,
691,2019-04-08,5938.56005859375,
692,2019-04-09,6071.021484375,
693,2019-04-10,6148.87841796875,
694,2019-04-11,6087.3212890625,
695,2019-04-12,6203.9052734375,
696,2019-04-13,5968.95751953125,
697,2019-04-14,6014.619140625,
698,2019-04-15,5997.37841796875,
699,2019-04-16,6064.392578125,
700,2019-04-17,5970.91748046875,
701,2019-04-18,6127.34326171875,
702,2019-04-19,6125.88427734375,
703,2019-04-20,6181.06787109375,
704,2019-04-21,6184.2373046875,
705,2019-04-22,6218.2705078125,
706,2019-04-23,6198.3125,
707,2019-04-24,6277.6611328125,
708,2019-04-25,6420.20263671875,
709,2019-04-26,6334.3408203125,
710,2019-04-27,6132.3349609375,
711,2019-04-28,6192.3203125,
712,2019-04-29,6165.72705078125,
713,2019-04-30,6182.126953125,
714,2019-05-01,6144.87109375,
715,2019-05-02,6236.07958984375,
716,2019-05-03,6273.02685546875,
717,2019-05-04,6368.150390625,
718,2019-05-05,6591.46875,
719,2019-05-06,6646.5029296875,
720,2019-05-07,6635.22900390625,
721,2019-05-08,6605.17724609375,
722,2019-05-09,6695.48974609375,
723,2019-05-10,6802.45703125,
724,2019-05-11,6968.83984375,
725,2019-05-12,7142.517578125,
726,2019-05-13,7814.4052734375,
727,2019-05-14,7640.20654296875,
728,2019-05-15,8361.3037109375,
729,2019-05-16,8477.60546875,
730,2019-05-17,8728.7353515625,
731,2019-05-18,8512.3173828125,
732,2019-05-19,8119.5302734375,
733,2019-05-20,8044.03955078125,
734,2019-05-21,8678.53125,
735,2019-05-22,8537.0830078125,
736,2019-05-23,8599.736328125,
737,2019-05-24,8360.7802734375,
738,2019-05-25,8524.66015625,
739,2019-05-26,8591.5888671875,
740,2019-05-27,8663.0498046875,
741,2019-05-28,9079.525390625,
742,2019-05-29,9324.66796875,
743,2019-05-30,9338.94140625,
744,2019-05-31,9263.177734375,
745,2019-06-01,8933.7275390625,
746,2019-06-02,9111.427734375,
747,2019-06-03,9171.8671875,
748,2019-06-04,9336.234375,
749,2019-06-05,8874.857421875,
750,2019-06-06,8407.166015625,
751,2019-06-07,8484.0673828125,
752,2019-06-08,8473.4365234375,
753,2019-06-09,8645.4013671875,
754,2019-06-10,8578.705078125,
755,2019-06-11,8389.95703125,
756,2019-06-12,8617.1796875,
757,2019-06-13,8548.955078125,
758,2019-06-14,8741.5166015625,
759,2019-06-15,8817.08984375,
760,2019-06-16,9184.5458984375,
761,2019-06-17,9386.02734375,
762,2019-06-18,9538.046875,
763,2019-06-19,9740.9150390625,
764,2019-06-20,9619.9296875,
765,2019-06-21,9727.7275390625,
766,2019-06-22,9886.4765625,
767,2019-06-23,10190.00390625,
768,2019-06-24,10569.0927734375,
769,2019-06-25,10816.3369140625,
770,2019-06-26,11018.9765625,
771,2019-06-27,11518.0126953125,
772,2019-06-28,12349.4052734375,
773,2019-06-29,11244.404296875,
774,2019-06-30,11738.7041015625,
775,2019-07-01,11683.603515625,
776,2019-07-02,11235.8662109375,
777,2019-07-03,10988.6318359375,
778,2019-07-04,11023.958984375,
779,2019-07-05,11647.267578125,
780,2019-07-06,11354.83203125,
781,2019-07-07,11288.6669921875,
782,2019-07-08,11347.9013671875,
783,2019-07-09,11480.5263671875,
784,2019-07-10,11982.9736328125,
785,2019-07-11,12265.8388671875,
786,2019-07-12,12170.9482421875,
787,2019-07-13,11703.4638671875,
788,2019-07-14,11825.6044921875,
789,2019-07-15,11574.5830078125,
790,2019-07-16,10663.6962890625,
791,2019-07-17,10679.8603515625,
792,2019-07-18,9910.1318359375,
793,2019-07-19,9978.1201171875,
794,2019-07-20,10399.0732421875,
795,2019-07-21,10547.1484375,
796,2019-07-22,10817.7548828125,
797,2019-07-23,10800.427734375,
798,2019-07-24,10697.38671875,
799,2019-07-25,10327.2158203125,
800,2019-07-26,10216.1650390625,
801,2019-07-27,10238.775390625,
802,2019-07-28,10238.2587890625,
803,2019-07-29,10012.462890625,
804,2019-07-30,10000.6201171875,
805,2019-07-31,9995.5517578125,
806,2019-08-01,10042.375,
807,2019-08-02,10229.4599609375,
808,2019-08-03,10457.6474609375,
809,2019-08-04,10621.2001953125,
810,2019-08-05,10856.1806640625,
811,2019-08-06,11007.783203125,
812,2019-08-07,11541.109375,
813,2019-08-08,11492.9765625,
814,2019-08-09,11843.0966796875,
815,2019-08-10,11891.2587890625,
816,2019-08-11,11917.453125,
817,2019-08-12,11630.2392578125,
818,2019-08-13,11674.17578125,
819,2019-08-14,11562.9345703125,
820,2019-08-15,11264.900390625,
821,2019-08-16,10455.451171875,
822,2019-08-17,10376.43359375,
823,2019-08-18,10447.220703125,
824,2019-08-19,10487.7021484375,
825,2019-08-20,10580.0009765625,
826,2019-08-21,10901.59765625,
827,2019-08-22,10909.2099609375,
828,2019-08-23,10553.0615234375,
829,2019-08-24,10450.3232421875,
830,2019-08-25,10572.2138671875,
831,2019-08-26,10483.93359375,
832,2019-08-27,10466.9228515625,
833,2019-08-28,10577.7138671875,
834,2019-08-29,10511.046875,
835,2019-08-30,10226.896484375,
836,2019-08-31,10016.849609375,
837,2019-09-01,10020.53515625,
838,2019-09-02,10052.08984375,
839,2019-09-03,10123.3388671875,
840,2019-09-04,10402.833984375,
841,2019-09-05,10633.005859375,
842,2019-09-06,10728.9072265625,
843,2019-09-07,10780.9111328125,
844,2019-09-08,10675.59765625,
845,2019-09-09,10744.7783203125,
846,2019-09-10,10707.5458984375,
847,2019-09-11,10654.9912109375,
848,2019-09-12,10511.59765625,
849,2019-09-13,10499.15234375,
850,2019-09-14,10610.134765625,
851,2019-09-15,10605.02734375,
852,2019-09-16,10629.6865234375,
853,2019-09-17,10626.3212890625,
854,2019-09-18,10590.42578125,
855,2019-09-19,10560.1484375,
856,2019-09-20,10520.8515625,
857,2019-09-21,10546.5751953125,
858,2019-09-22,10502.2236328125,
859,2019-09-23,10407.34375,
860,2019-09-24,10400.2275390625,
861,2019-09-25,10191.05078125,
862,2019-09-26,9253.0908203125,
863,2019-09-27,9033.7099609375,
864,2019-09-28,8739.193359375,
865,2019-09-29,8873.8408203125,
866,2019-09-30,8868.474609375,
867,2019-10-01,8758.0302734375,
868,2019-10-02,8894.3818359375,
869,2019-10-03,8956.20703125,
870,2019-10-04,9013.017578125,
871,2019-10-05,8886.2236328125,
872,2019-10-06,8813.7734375,
873,2019-10-07,8759.98828125,
874,2019-10-08,8635.009765625,
875,2019-10-09,8833.97265625,
876,2019-10-10,8842.69140625,
877,2019-10-11,9151.775390625,
878,2019-10-12,9195.5146484375,
879,2019-10-13,8957.3671875,
880,2019-10-14,8910.236328125,
881,2019-10-15,8905.548828125,
882,2019-10-16,8983.361328125,
883,2019-10-17,8843.7412109375,
884,2019-10-18,8682.544921875,
885,2019-10-19,8713.9052734375,
886,2019-10-20,8616.71875,
887,2019-10-21,8637.7880859375,
888,2019-10-22,8806.232421875,
889,2019-10-23,8851.6904296875,
890,2019-10-24,8717.5546875,
891,2019-10-25,8255.287109375,
892,2019-10-26,8238.25390625,
893,2019-10-27,8883.4599609375,
894,2019-10-28,9342.1962890625,
895,2019-10-29,9695.6650390625,
896,2019-10-30,9734.9931640625,
897,2019-10-31,9870.017578125,
898,2019-11-01,9734.916015625,
899,2019-11-02,9724.5615234375,
900,2019-11-03,9770.990234375,
901,2019-11-04,9833.5400390625,
902,2019-11-05,9780.0625,
903,2019-11-06,9862.7880859375,
904,2019-11-07,9850.30078125,
905,2019-11-08,9872.7568359375,
906,2019-11-09,9804.400390625,
907,2019-11-10,9427.6904296875,
908,2019-11-11,9373.4814453125,
909,2019-11-12,9543.54296875,
910,2019-11-13,9380.8154296875,
911,2019-11-14,9401.8017578125,
912,2019-11-15,9397.123046875,
913,2019-11-16,9314.7890625,
914,2019-11-17,9110.4189453125,
915,2019-11-18,9132.7216796875,
916,2019-11-19,9175.2841796875,
917,2019-11-20,8950.314453125,
918,2019-11-21,8812.36328125,
919,2019-11-22,8656.9580078125,
920,2019-11-23,8368.6806640625,
921,2019-11-24,8094.51318359375,
922,2019-11-25,8143.71240234375,
923,2019-11-26,7836.10791015625,
924,2019-11-27,7919.9921875,
925,2019-11-28,7941.13232421875,
926,2019-11-29,8190.7724609375,
927,2019-11-30,8134.8876953125,
928,2019-12-01,8386.521484375,
929,2019-12-02,8234.84765625,
930,2019-12-03,8152.0478515625,
931,2019-12-04,8059.2353515625,
932,2019-12-05,8049.84912109375,
933,2019-12-06,7987.8603515625,
934,2019-12-07,8137.55517578125,
935,2019-12-08,8202.9072265625,
936,2019-12-09,8221.3310546875,
937,2019-12-10,8235.6435546875,
938,2019-12-11,8113.28515625,
939,2019-12-12,8023.94482421875,
940,2019-12-13,7964.7783203125,
941,2019-12-14,7977.17919921875,
942,2019-12-15,7988.34814453125,
943,2019-12-16,7876.2900390625,
944,2019-12-17,7899.767578125,
945,2019-12-18,7713.86328125,
946,2019-12-19,7493.26416015625,
947,2019-12-20,7968.95166015625,
948,2019-12-21,7887.0888671875,
949,2019-12-22,7944.5302734375,
950,2019-12-23,7910.52294921875,
951,2019-12-24,8164.8125,
952,2019-12-25,8042.2705078125,
953,2019-12-26,8048.638671875,
954,2019-12-27,7996.47705078125,
955,2019-12-28,7971.5078125,
956,2019-12-29,8005.1376953125,
957,2019-12-30,8024.30517578125,
958,2019-12-31,8106.17236328125,
959,2020-01-01,8010.96484375,
960,2020-01-02,7943.45654296875,
961,2020-01-03,7939.744140625,
962,2020-01-04,7763.62744140625,
963,2020-01-05,8043.7080078125,
964,2020-01-06,8072.2841796875,
965,2020-01-07,8101.35400390625,
966,2020-01-08,8375.056640625,
967,2020-01-09,8679.6845703125,
968,2020-01-10,8662.5498046875,
969,2020-01-11,8533.201171875,
970,2020-01-12,8746.048828125,
971,2020-01-13,8647.970703125,
972,2020-01-14,8791.6171875,
973,2020-01-15,8753.375,
974,2020-01-16,9194.146484375,
975,2020-01-17,9348.251953125,
976,2020-01-18,9354.181640625,
977,2020-01-19,9476.6123046875,
978,2020-01-20,9505.177734375,
979,2020-01-21,9319.052734375,
980,2020-01-22,9242.892578125,
981,2020-01-23,9315.2041015625,
982,2020-01-24,9289.5107421875,
983,2020-01-25,9039.923828125,
984,2020-01-26,9018.20703125,
985,2020-01-27,8968.7275390625,
986,2020-01-28,9181.7197265625,
987,2020-01-29,9438.2373046875,
988,2020-01-30,9712.296875,
989,2020-01-31,9790.8779296875,
990,2020-02-01,9923.53515625,
991,2020-02-02,9853.75390625,
992,2020-02-03,9884.2119140625,
993,2020-02-04,9861.1328125,
994,2020-02-05,9826.7880859375,
995,2020-02-06,9728.8251953125,
996,2020-02-07,9908.8056640625,
997,2020-02-08,10029.505859375,
998,2020-02-09,10125.697265625,
999,2020-02-10,10188.6494140625,
1000,2020-02-11,10321.92578125,
1001,2020-02-12,10239.306640625,
1002,2020-02-13,10393.7646484375,
1003,2020-02-14,10491.1015625,
1004,2020-02-15,10493.4296875,
1005,2020-02-16,10560.369140625,
1006,2020-02-17,10305.650390625,
1007,2020-02-18,10282.9482421875,
1008,2020-02-19,10154.443359375,
1009,2020-02-20,10318.1474609375,
1010,2020-02-21,10071.2109375,
1011,2020-02-22,10059.802734375,
1012,2020-02-23,10087.5380859375,
1013,2020-02-24,10095.2783203125,
1014,2020-02-25,10201.279296875,
1015,2020-02-26,10104.29296875,
1016,2020-02-27,9894.3759765625,
1017,2020-02-28,9435.8154296875,
1018,2020-02-29,9350.8720703125,
1019,2020-03-01,9272.62109375,
1020,2020-03-02,9222.8447265625,
1021,2020-03-03,9178.4716796875,
1022,2020-03-04,9399.55859375,
1023,2020-03-05,9389.228515625,
1024,2020-03-06,9365.0439453125,
1025,2020-03-07,9552.5244140625,
1026,2020-03-08,9639.591796875,
1027,2020-03-09,9510.015625,
1028,2020-03-10,8765.337890625,
1029,2020-03-11,8581.646484375,
1030,2020-03-12,8554.2021484375,
1031,2020-03-13,8565.173828125,
1032,2020-03-14,6360.41552734375,
1033,2020-03-15,6725.45458984375,
1034,2020-03-16,6164.60498046875,
1035,2020-03-17,6365.38525390625,
1036,2020-03-18,5952.99853515625,
1037,2020-03-19,6171.734375,
1038,2020-03-20,6132.7841796875,
1039,2020-03-21,6948.4150390625,
1040,2020-03-22,6925.322265625,
1041,2020-03-23,6988.67724609375,
1042,2020-03-24,6695.8037109375,
1043,2020-03-25,7216.32080078125,
1044,2020-03-26,7421.1796875,
1045,2020-03-27,7419.58154296875,
1046,2020-03-28,7476.013671875,
1047,2020-03-29,7278.87744140625,
1048,2020-03-30,7112.62353515625,
1049,2020-03-31,6834.26025390625,
1050,2020-04-01,7237.08056640625,
1051,2020-04-02,7203.83642578125,
1052,2020-04-03,7378.23681640625,
1053,2020-04-04,7521.7275390625,
1054,2020-04-05,7493.3583984375,
1055,2020-04-06,7608.46044921875,
1056,2020-04-07,7547.5283203125,
1057,2020-04-08,7943.43310546875,
1058,2020-04-09,7860.62109375,
1059,2020-04-10,8027.3232421875,
1060,2020-04-11,7992.044921875,
1061,2020-04-12,7674.5087890625,
1062,2020-04-13,7666.28173828125,
1063,2020-04-14,7719.203125,
1064,2020-04-15,7621.59130859375,
1065,2020-04-16,7626.8505859375,
1066,2020-04-17,7452.77099609375,
1067,2020-04-18,7830.8798828125,
1068,2020-04-19,7788.45751953125,
1069,2020-04-20,7958.69189453125,
1070,2020-04-21,7894.4658203125,
1071,2020-04-22,7676.23681640625,
1072,2020-04-23,7671.6572265625,
1073,2020-04-24,7839.9462890625,
1074,2020-04-25,8079.67431640625,
1075,2020-04-26,8182.60595703125,
1076,2020-04-27,8222.3369140625,
1077,2020-04-28,8317.96875,
1078,2020-04-29,8413.7314453125,
1079,2020-04-30,8433.69921875,
1080,2020-05-01,8992.623046875,
1081,2020-05-02,9169.53515625,
1082,2020-05-03,9426.4716796875,
1083,2020-05-04,9528.3515625,
1084,2020-05-05,9480.412109375,
1085,2020-05-06,9473.8056640625,
1086,2020-05-07,9547.8330078125,
1087,2020-05-08,9707.6181640625,
1088,2020-05-09,10011.26953125,
1089,2020-05-10,10104.630859375,
1090,2020-05-11,10068.9453125,
1091,2020-05-12,9395.76171875,
1092,2020-05-13,9162.8466796875,
1093,2020-05-14,9320.7529296875,
1094,2020-05-15,9621.099609375,
1095,2020-05-16,9900.953125,
1096,2020-05-17,9832.8369140625,
1097,2020-05-18,9883.2451171875,
1098,2020-05-19,10015.630859375,
1099,2020-05-20,10086.115234375,
1100,2020-05-21,10118.14453125,
1101,2020-05-22,10020.62890625,
1102,2020-05-23,9665.1171875,
1103,2020-05-24,9684.4404296875,
1104,2020-05-25,9728.3876953125,
1105,2020-05-26,9426.2490234375,
1106,2020-05-27,9466.220703125,
1107,2020-05-28,9425.544921875,
1108,2020-05-29,9625.4462890625,
1109,2020-05-30,9843.822265625,
1110,2020-05-31,9896.380859375,
1111,2020-06-01,10037.4130859375,
1112,2020-06-02,9950.25,
1113,2020-06-03,10211.51953125,
1114,2020-06-04,9962.533203125,
1115,2020-06-05,10031.6669921875,
1116,2020-06-06,10110.6279296875,
1117,2020-06-07,10099.0361328125,
1118,2020-06-08,10098.140625,
1119,2020-06-09,10141.0419921875,
1120,2020-06-10,10158.8466796875,
1121,2020-06-11,10177.6708984375,
1122,2020-06-12,10214.8671875,
1123,2020-06-13,9855.0224609375,
1124,2020-06-14,9882.5,
1125,2020-06-15,9918.6201171875,
1126,2020-06-16,9913.5771484375,
1127,2020-06-17,9946.162109375,
1128,2020-06-18,9988.283203125,
1129,2020-06-19,9976.083984375,
1130,2020-06-20,9931.0048828125,
1131,2020-06-21,9827.2138671875,
1132,2020-06-22,9834.9248046875,
1133,2020-06-23,9828.251953125,
1134,2020-06-24,9983.4541015625,
1135,2020-06-25,10027.845703125,
1136,2020-06-26,9858.3837890625,
1137,2020-06-27,9783.71875,
1138,2020-06-28,9708.6826171875,
1139,2020-06-29,9618.5576171875,
1140,2020-06-30,9671.3525390625,
1141,2020-07-01,9718.34765625,
1142,2020-07-02,9702.595703125,
1143,2020-07-03,9754.328125,
1144,2020-07-04,9681.666015625,
1145,2020-07-05,9637.6923828125,
1146,2020-07-06,9662.96875,
1147,2020-07-07,9634.2041015625,
1148,2020-07-08,9775.3896484375,
1149,2020-07-09,9771.84375,
1150,2020-07-10,9878.8525390625,
1151,2020-07-11,9799.80078125,
1152,2020-07-12,9802.8310546875,
1153,2020-07-13,9776.32421875,
1154,2020-07-14,9801.58984375,
1155,2020-07-15,9778.4482421875,
1156,2020-07-16,9776.4892578125,
1157,2020-07-17,9735.82421875,
1158,2020-07-18,9680.0576171875,
1159,2020-07-19,9688.19921875,
1160,2020-07-20,9700.626953125,
1161,2020-07-21,9728.5517578125,
1162,2020-07-22,9712.0634765625,
1163,2020-07-23,9822.5927734375,
1164,2020-07-24,9931.29296875,
1165,2020-07-25,9999.7900390625,
1166,2020-07-26,10005.419921875,
1167,2020-07-27,10073.2265625,
1168,2020-07-28,10181.177734375,
1169,2020-07-29,10776.880859375,
1170,2020-07-30,10885.490234375,
1171,2020-07-31,11122.755859375,
1172,2020-08-01,11186.76171875,
1173,2020-08-02,11356.3193359375,
1174,2020-08-03,11636.609375,
1175,2020-08-04,11312.013671875,
1176,2020-08-05,11402.40234375,
1177,2020-08-06,11354.060546875,
1178,2020-08-07,11670.126953125,
1179,2020-08-08,11738.9150390625,
1180,2020-08-09,11717.71484375,
1181,2020-08-10,11792.626953125,
1182,2020-08-11,11760.3896484375,
1183,2020-08-12,11889.37890625,
1184,2020-08-13,11635.2548828125,
1185,2020-08-14,11709.5546875,
1186,2020-08-15,11784.2822265625,
1187,2020-08-16,11818.400390625,
1188,2020-08-17,11891.923828125,
1189,2020-08-18,11927.0166015625,
1190,2020-08-19,12145.591796875,
1191,2020-08-20,12046.40625,
1192,2020-08-21,11941.05859375,
1193,2020-08-22,11962.5205078125,
1194,2020-08-23,11786.5029296875,
1195,2020-08-24,11809.6318359375,
1196,2020-08-25,11772.974609375,
1197,2020-08-26,11834.1279296875,
1198,2020-08-27,11608.443359375,
1199,2020-08-28,11639.7421875,
1200,2020-08-29,11522.771484375,
1201,2020-08-30,11628.03125,
1202,2020-08-31,11609.513671875,
1203,2020-09-01,11739.7373046875,
1204,2020-09-02,11741.5966796875,
1205,2020-09-03,11924.4130859375,
1206,2020-09-04,11638.341796875,
1207,2020-09-05,10627.74609375,
1208,2020-09-06,10483.513671875,
1209,2020-09-07,10389.34765625,
1210,2020-09-08,10510.5283203125,
1211,2020-09-09,10579.8525390625,
1212,2020-09-10,10489.3388671875,
1213,2020-09-11,10529.283203125,
1214,2020-09-12,10594.78515625,
1215,2020-09-13,10643.154296875,
1216,2020-09-14,10686.7685546875,
1217,2020-09-15,10631.96484375,
1218,2020-09-16,10808.30078125,
1219,2020-09-17,10906.716796875,
1220,2020-09-18,11057.0380859375,
1221,2020-09-19,11092.8134765625,
1222,2020-09-20,11116.076171875,
1223,2020-09-21,11210.6875,
1224,2020-09-22,11148.9384765625,
1225,2020-09-23,10860.970703125,
1226,2020-09-24,10824.8115234375,
1227,2020-09-25,10624.6767578125,
1228,2020-09-26,10857.1611328125,
1229,2020-09-27,10858.908203125,
1230,2020-09-28,10937.3603515625,
1231,2020-09-29,10964.67578125,
1232,2020-09-30,10948.8994140625,
1233,2020-10-01,11019.017578125,
1234,2020-10-02,11005.4189453125,
1235,2020-10-03,10916.83203125,
1236,2020-10-04,10868.1689453125,
1237,2020-10-05,10831.9091796875,
1238,2020-10-06,10885.744140625,
1239,2020-10-07,10957.1123046875,
1240,2020-10-08,10876.8310546875,
1241,2020-10-09,10905.2353515625,
1242,2020-10-10,11036.37890625,
1243,2020-10-11,11143.6591796875,
1244,2020-10-12,11317.783203125,
1245,2020-10-13,11424.02734375,
1246,2020-10-14,11561.1484375,
1247,2020-10-15,11540.3701171875,
1248,2020-10-16,11557.8828125,
1249,2020-10-17,11596.21484375,
1250,2020-10-18,11509.6416015625,
1251,2020-10-19,11516.900390625,
1252,2020-10-20,11577.2080078125,
1253,2020-10-21,11730.1025390625,
1254,2020-10-22,11864.359375,
1255,2020-10-23,12419.25390625,
1256,2020-10-24,12639.3994140625,
1257,2020-10-25,12762.07421875,
1258,2020-10-26,12917.7490234375,
1259,2020-10-27,12918.1279296875,
1260,2020-10-28,12971.92578125,
1261,2020-10-29,13317.369140625,
1262,2020-10-30,13156.384765625,
1263,2020-10-31,13297.0302734375,
1264,2020-11-01,13345.28515625,
1265,2020-11-02,13521.0771484375,
1266,2020-11-03,13528.666015625,
1267,2020-11-04,13453.7001953125,
1268,2020-11-05,13679.70703125,
1269,2020-11-06,13805.3681640625,
1270,2020-11-07,14761.419921875,
1271,2020-11-08,14883.0390625,
1272,2020-11-09,14641.861328125,
1273,2020-11-10,15033.5732421875,
1274,2020-11-11,14926.337890625,
1275,2020-11-12,14972.3828125,
1276,2020-11-13,15210.4697265625,
1277,2020-11-14,15608.8095703125,
1278,2020-11-15,15720.4443359375,
1279,2020-11-16,15652.697265625,
1280,2020-11-17,15594.98828125,
1281,2020-11-18,16043.953125,
1282,2020-11-19,16693.80078125,
1283,2020-11-20,16936.0,
1284,2020-11-21,17097.345703125,
1285,2020-11-22,17696.759765625,
1286,2020-11-23,17760.115234375,
1287,2020-11-24,17706.33984375,
1288,2020-11-25,17713.88671875,
1289,2020-11-26,18204.8671875,
1290,2020-11-27,17957.25390625,
1291,2020-11-28,16974.314453125,
1292,2020-11-29,16812.869140625,
1293,2020-11-30,17038.916015625,
1294,2020-12-01,17349.388671875,
1295,2020-12-02,18417.43359375,
1296,2020-12-03,17934.49609375,
1297,2020-12-04,18437.615234375,
1298,2020-12-05,18503.767578125,
1299,2020-12-06,18093.75,
1300,2020-12-07,18418.072265625,
1301,2020-12-08,18459.201171875,
1302,2020-12-09,18424.236328125,
1303,2020-12-10,17841.529296875,
1304,2020-12-11,17978.375,
1305,2020-12-12,17658.806640625,
1306,2020-12-13,17534.822265625,
1307,2020-12-14,17979.87109375,
1308,2020-12-15,18193.349609375,
1309,2020-12-16,18368.05078125,
1310,2020-12-17,18537.876953125,
1311,2020-12-18,19942.10546875,
1312,2020-12-19,21081.84765625,
1313,2020-12-20,21602.953125,
1314,2020-12-21,22407.865234375,
1315,2020-12-22,22143.8984375,
1316,2020-12-23,21802.7421875,
1317,2020-12-24,22562.466796875,
1318,2020-12-25,21971.900390625,
1319,2020-12-26,22578.748046875,
1320,2020-12-27,23154.16796875,
1321,2020-12-28,24649.599609375,
1322,2020-12-29,24441.388671875,
1323,2020-12-30,25473.705078125,
1324,2020-12-31,25505.056640625,
1325,2021-01-01,26953.75390625,
1326,2021-01-02,26810.396484375,
1327,2021-01-03,27467.466796875,
1328,2021-01-04,29699.01953125,
1329,2021-01-05,29807.669921875,
1330,2021-01-06,29539.078125,
1331,2021-01-07,31493.541015625,
1332,2021-01-08,33279.1796875,
1333,2021-01-09,35287.56640625,
1334,2021-01-10,36152.1875,
1335,2021-01-11,35710.48046875,
1336,2021-01-12,34398.796875,
1337,2021-01-13,32342.431640625,
1338,2021-01-14,31402.138671875,
1339,2021-01-15,34365.5,
1340,2021-01-16,34586.9609375,
1341,2021-01-17,32984.609375,
1342,2021-01-18,33210.63671875,
1343,2021-01-19,32485.65234375,
1344,2021-01-20,33472.4765625,
1345,2021-01-21,32466.294921875,
1346,2021-01-22,32548.306640625,
1347,2021-01-23,27764.306640625,
1348,2021-01-24,29851.345703125,
1349,2021-01-25,28687.443359375,
1350,2021-01-26,30148.427734375,
1351,2021-01-27,29553.78125,
1352,2021-01-28,30151.1953125,
1353,2021-01-29,28075.12890625,
1354,2021-01-30,32070.5625,
1355,2021-01-31,30460.154296875,
1356,2021-02-01,31758.09765625,
1357,2021-02-02,30186.599609375,
1358,2021-02-03,31198.087890625,
1359,2021-02-04,32358.451171875,
1360,2021-02-05,33837.03515625,
1361,2021-02-06,33082.87890625,
1362,2021-02-07,34776.23046875,
1363,2021-02-08,34994.015625,
1364,2021-02-09,34823.14453125,
1365,2021-02-10,40621.27734375,
1366,2021-02-11,39156.61328125,
1367,2021-02-12,39150.41015625,
1368,2021-02-13,42073.68359375,
1369,2021-02-14,,
1370,2021-02-15,,
1371,2021-02-16,,
1372,2021-02-17,,
1373,2021-02-18,,
1374,2021-02-19,,
1375,2021-02-20,,
1376,2021-02-21,,
1377,2021-02-22,,
1378,2021-02-23,,
1379,2021-02-24,,
1380,2021-02-25,,
1381,2021-02-26,,
1382,2021-02-27,,
1383,2021-02-28,,
1384,2021-03-01,,
1385,2021-03-02,,
1386,2021-03-03,,
1387,2021-03-04,,
1388,2021-03-05,,
1389,2021-03-06,,
1390,2021-03-07,,
1391,2021-03-08,,
1392,2021-03-09,,
1393,2021-03-10,,
1394,2021-03-11,,
1395,2021-03-12,,
1396,2021-03-13,,
1397,2021-03-14,,
1398,2021-03-15,,
1399,2021-03-16,,
1400,2021-03-17,,
1401,2021-03-18,,
1402,2021-03-19,,
1403,2021-03-20,,
1404,2021-03-21,,
1405,2021-03-22,,
1406,2021-03-23,,
1407,2021-03-24,,
1408,2021-03-25,,
1409,2021-03-26,,
1410,2021-03-27,,
1411,2021-03-28,,
1412,2021-03-29,,
1413,2021-03-30,,
1414,2021-03-31,,
1415,2021-04-01,,
1416,2021-04-02,,
1417,2021-04-03,,
1418,2021-04-04,,
1419,2021-04-05,,
1420,2021-04-06,,
1421,2021-04-07,,
1422,2021-04-08,,
1423,2021-04-09,,
1424,2021-04-10,,
1425,2021-04-11,,
1426,2021-04-12,,
1427,2021-04-13,,
1428,2021-04-14,,
1429,2021-04-15,,
1430,2021-04-16,,
1431,2021-04-17,,
1432,2021-04-18,,
1433,2021-04-19,,
1434,2021-04-20,,
1435,2021-04-21,,
1436,2021-04-22,,
1437,2021-04-23,,
1438,2021-04-24,,
1439,2021-04-25,,
1440,2021-04-26,,
1441,2021-04-27,,
1442,2021-04-28,,
1443,2021-04-29,,
1444,2021-04-30,,
1445,2021-05-01,,
1446,2021-05-02,,
1447,2021-05-03,,
1448,2021-05-04,,
1449,2021-05-05,,
1450,2021-05-06,,
1451,2021-05-07,,
1452,2021-05-08,,
1453,2021-05-09,,
1454,2021-05-10,,
1455,2021-05-11,,
1456,2021-05-12,,
1457,2021-05-13,,
1458,2021-05-14,,
1459,2021-05-15,,
1460,2021-05-16,,
1461,2021-05-17,,
1462,2021-05-18,,
1463,2021-05-19,,
1464,2021-05-20,,
1465,2021-05-21,,
1466,2021-05-22,,
1467,2021-05-23,,
1468,2021-05-24,,
1469,2021-05-25,,
1470,2021-05-26,,35184.69921875
1471,2021-05-27,,33335.62890625
1472,2021-05-28,,35893.515625
1473,2021-05-29,,33946.6875
1474,2021-05-30,,32540.478515625
1475,2021-05-31,,31894.59765625
1476,2021-06-01,,32688.18359375
1477,2021-06-02,,33691.80859375
1478,2021-06-03,,32939.33984375
1479,2021-06-04,,34278.1484375
1480,2021-06-05,,35126.0703125
1481,2021-06-06,,32887.609375
1482,2021-06-07,,32762.044921875
1483,2021-06-08,,32687.64453125
1484,2021-06-09,,30604.255859375
1485,2021-06-10,,31119.302734375
1486,2021-06-11,,34130.98046875
1487,2021-06-12,,32441.40625
1488,2021-06-13,,34274.6484375
1489,2021-06-14,,31814.810546875
1490,2021-06-15,,36070.7734375
1491,2021-06-16,,35212.37109375
1492,2021-06-17,,36029.1640625
1493,2021-06-18,,34119.25390625
1494,2021-06-19,,34744.484375
1495,2021-06-20,,32183.13671875
1496,2021-06-21,,32852.62890625
1497,2021-06-22,,32277.94921875
1498,2021-06-23,,28800.177734375
1499,2021-06-24,,30045.05859375
1500,2021-06-25,,30510.9296875
1501,2021-06-26,,31693.974609375
1502,2021-06-27,,28648.11328125
1503,2021-06-28,,29996.068359375
1504,2021-06-29,,31484.7890625
1505,2021-06-30,,31218.57421875
1506,2021-07-01,,32927.171875
1507,2021-07-02,,31558.736328125
1508,2021-07-03,,31013.47265625
1509,2021-07-04,,31262.328125
1510,2021-07-05,,31710.916015625
1511,2021-07-06,,32142.630859375
1512,2021-07-07,,30739.5234375
1513,2021-07-08,,31741.76171875
1514,2021-07-09,,30852.78515625
1515,2021-07-10,,30374.974609375
1516,2021-07-11,,31237.115234375
1517,2021-07-12,,30563.63671875
1518,2021-07-13,,31597.298828125
1519,2021-07-14,,30190.619140625
1520,2021-07-15,,30444.560546875
1521,2021-07-16,,30223.744140625
1522,2021-07-17,,29426.396484375
1523,2021-07-18,,29245.923828125
1524,2021-07-19,,29248.078125
1525,2021-07-20,,29418.52734375
1526,2021-07-21,,28552.60546875
1527,2021-07-22,,27929.1015625
1528,2021-07-23,,29956.02734375
1529,2021-07-24,,29374.65625
1530,2021-07-25,,31088.14453125
1531,2021-07-26,,31130.55859375
1532,2021-07-27,,32396.001953125
1533,2021-07-28,,33713.74609375
1534,2021-07-29,,35443.42578125
1535,2021-07-30,,35459.69921875
1536,2021-07-31,,35828.51171875
1537,2021-08-01,,37698.90234375
1538,2021-08-02,,36180.0
1539,2021-08-03,,35775.1328125
1540,2021-08-04,,35131.4609375
1541,2021-08-05,,34360.64453125
1542,2021-08-06,,35954.9609375
1543,2021-08-07,,36106.75
1544,2021-08-08,,38093.9921875
1545,2021-08-09,,38834.671875
1546,2021-08-10,,38052.34375
1547,2021-08-11,,40982.5078125
1548,2021-08-12,,38647.734375
1549,2021-08-13,,40226.8671875
1550,2021-08-14,,38172.9140625
1551,2021-08-15,,42381.0546875
1552,2021-08-16,,39285.23828125
1553,2021-08-17,,41339.08984375
1554,2021-08-18,,39047.64453125
1555,2021-08-19,,39193.58984375
1556,2021-08-20,,39000.15625
1557,2021-08-21,,40817.15625
1558,2021-08-22,,42216.94140625
1559,2021-08-23,,41172.25
1560,2021-08-24,,42487.03515625
1561,2021-08-25,,41870.0703125
1562,2021-08-26,,40593.9609375
1563,2021-08-27,,42577.33203125
1564,2021-08-28,,39232.91796875
1565,2021-08-29,,43430.1484375
1566,2021-08-30,,40451.609375
1567,2021-08-31,,42446.80859375
1568,2021-09-01,,39540.04296875
1569,2021-09-02,,41322.45703125
1570,2021-09-03,,41641.80859375
1571,2021-09-04,,41922.89453125
1572,2021-09-05,,42607.07421875
1573,2021-09-06,,42155.80078125
1574,2021-09-07,,44219.42578125
1575,2021-09-08,,43692.4453125
1576,2021-09-09,,38838.2578125
1577,2021-09-10,,40831.046875
1578,2021-09-11,,39594.0
1579,2021-09-12,,38854.98046875
1580,2021-09-13,,39609.71484375
1581,2021-09-14,,39816.765625
1582,2021-09-15,,38781.41796875
1583,2021-09-16,,41450.3671875
1584,2021-09-17,,40761.1796875
1585,2021-09-18,,41085.921875
1586,2021-09-19,,40529.71875
1587,2021-09-20,,41747.10546875
1588,2021-09-21,,40039.203125
1589,2021-09-22,,37223.94140625
1590,2021-09-23,,36396.5
1591,2021-09-24,,38964.68359375
1592,2021-09-25,,38598.8203125
1593,2021-09-26,,37321.984375
1594,2021-09-27,,37989.66796875
1595,2021-09-28,,37888.20703125
1596,2021-09-29,,37027.92578125
1597,2021-09-30,,36452.08203125
1598,2021-10-01,,37031.68359375
1599,2021-10-02,,38697.80859375
1600,2021-10-03,,41853.90625
1601,2021-10-04,,39974.11328125
1602,2021-10-05,,42087.30859375
1603,2021-10-06,,41656.44140625
1604,2021-10-07,,44094.67578125
1605,2021-10-08,,45663.65234375
1606,2021-10-09,,43454.6484375
1607,2021-10-10,,45709.98828125
1608,2021-10-11,,45014.73046875
1609,2021-10-12,,45298.3046875
1610,2021-10-13,,47336.84765625
1611,2021-10-14,,44514.24609375
1612,2021-10-15,,47921.51171875
1613,2021-10-16,,45479.62890625
1614,2021-10-17,,49823.8671875
1615,2021-10-18,,46873.8359375
1616,2021-10-19,,49689.4140625
1617,2021-10-20,,48088.17578125
1618,2021-10-21,,50916.7109375
1619,2021-10-22,,50116.6171875
1620,2021-10-23,,47785.04296875
1621,2021-10-24,,49039.5546875
1622,2021-10-25,,48356.4140625
1623,2021-10-26,,48264.54296875
1624,2021-10-27,,50074.35546875
1625,2021-10-28,,46306.68359375
1626,2021-10-29,,48097.57421875
1627,2021-10-30,,48363.515625
1628,2021-10-31,,48992.59375
1629,2021-11-01,,48365.6953125
1630,2021-11-02,,48610.078125
1631,2021-11-03,,48213.01171875
1632,2021-11-04,,50228.60546875
1633,2021-11-05,,48263.41015625
1634,2021-11-06,,48849.22265625
1635,2021-11-07,,48274.9453125
1636,2021-11-08,,48897.09375
1637,2021-11-09,,49746.04296875
1638,2021-11-10,,51867.18359375
1639,2021-11-11,,50024.66015625
1640,2021-11-12,,50291.1875
1641,2021-11-13,,50283.0546875
1642,2021-11-14,,49516.859375
1643,2021-11-15,,50419.2890625
1644,2021-11-16,,50427.828125
1645,2021-11-17,,48942.640625
1646,2021-11-18,,47440.30859375
1647,2021-11-19,,48847.3125
1648,2021-11-20,,44445.30078125
1649,2021-11-21,,48724.9375
1650,2021-11-22,,46859.87890625
1651,2021-11-23,,47332.0
1652,2021-11-24,,45270.66796875
1653,2021-11-25,,47713.453125
1654,2021-11-26,,45534.1875
1655,2021-11-27,,48527.09765625
1656,2021-11-28,,41649.25390625
1657,2021-11-29,,47571.30859375
1658,2021-11-30,,45561.9140625
1659,2021-12-01,,47208.30859375
1660,2021-12-02,,45744.703125
1661,2021-12-03,,47072.18359375
1662,2021-12-04,,45538.94921875
1663,2021-12-05,,44100.3125
1664,2021-12-06,,40890.05078125
1665,2021-12-07,,42976.28515625
1666,2021-12-08,,42339.703125
1667,2021-12-09,,42894.34765625
1668,2021-12-10,,42483.77734375
1669,2021-12-11,,40165.875
1670,2021-12-12,,41216.6953125
1671,2021-12-13,,42239.99609375
1672,2021-12-14,,42309.8984375
1673,2021-12-15,,39359.8046875
1674,2021-12-16,,42771.875
1675,2021-12-17,,40808.0390625
1676,2021-12-18,,41045.43359375
1677,2021-12-19,,39607.86328125
1678,2021-12-20,,40907.97265625
1679,2021-12-21,,39864.8515625
1680,2021-12-22,,40718.3828125
1681,2021-12-23,,42102.91015625
1682,2021-12-24,,41023.14453125
1683,2021-12-25,,43922.0625
1684,2021-12-26,,42091.19921875
1685,2021-12-27,,43089.5546875
1686,2021-12-28,,42806.98828125
1687,2021-12-29,,42812.26171875
1688,2021-12-30,,40024.37890625
1689,2021-12-31,,40610.66796875
1690,2022-01-01,,40565.578125
1691,2022-01-02,,39707.7109375
1692,2022-01-03,,41561.1875
1693,2022-01-04,,40068.390625
1694,2022-01-05,,40299.828125
1695,2022-01-06,,39593.7265625
1696,2022-01-07,,37765.48046875
1697,2022-01-08,,38280.85546875
1698,2022-01-09,,36267.515625
1699,2022-01-10,,37405.9375
1700,2022-01-11,,36759.48046875
1701,2022-01-12,,37080.46484375
1702,2022-01-13,,37765.0625
1703,2022-01-14,,38549.58984375
1704,2022-01-15,,37063.70703125
1705,2022-01-16,,38425.58984375
1706,2022-01-17,,37604.609375
1707,2022-01-18,,38080.59375
1708,2022-01-19,,37014.65234375
1709,2022-01-20,,37669.2578125
1710,2022-01-21,,36639.17578125
1711,2022-01-22,,36223.8203125
1712,2022-01-23,,32413.13671875
1713,2022-01-24,,32218.044921875
1714,2022-01-25,,32979.3515625
1715,2022-01-26,,33028.4375
1716,2022-01-27,,33444.79296875
1717,2022-01-28,,33260.38671875
1718,2022-01-29,,33675.08984375
1719,2022-01-30,,34087.3984375
1720,2022-01-31,,34323.59375
1721,2022-02-01,,34117.34765625
1722,2022-02-02,,34763.2421875
1723,2022-02-03,,34697.1796875
1724,2022-02-04,,33220.6796875
1725,2022-02-05,,34001.43359375
1726,2022-02-06,,37377.2109375
1727,2022-02-07,,35872.63671875
1728,2022-02-08,,38085.16015625
1729,2022-02-09,,38252.08984375
1730,2022-02-10,,38610.25390625
1731,2022-02-11,,38798.1484375
1732,2022-02-12,,38016.94921875
1733,2022-02-13,,37381.25390625
1734,2022-02-14,,37414.05078125
1735,2022-02-15,,37173.08984375
1736,2022-02-16,,37662.41796875
1737,2022-02-17,,39229.94921875
1738,2022-02-18,,37902.9765625
1739,2022-02-19,,35767.23046875
1740,2022-02-20,,36176.484375
1741,2022-02-21,,35629.59375
1742,2022-02-22,,34318.796875
1743,2022-02-23,,33617.51171875
1744,2022-02-24,,34760.625
1745,2022-02-25,,33225.04296875
1746,2022-02-26,,34995.91015625
1747,2022-02-27,,34849.68359375
1748,2022-02-28,,35057.34765625
1749,2022-03-01,,33802.796875
1750,2022-03-02,,39002.10546875
1751,2022-03-03,,37950.91015625
1752,2022-03-04,,38660.984375
1753,2022-03-05,,37103.7421875
1754,2022-03-06,,34849.171875
1755,2022-03-07,,35874.74609375
1756,2022-03-08,,34069.546875
1757,2022-03-09,,34579.22265625
1758,2022-03-10,,34755.6484375
1759,2022-03-11,,37655.5546875
1760,2022-03-12,,34135.6484375
1761,2022-03-13,,35468.359375
1762,2022-03-14,,34600.65234375
1763,2022-03-15,,34117.921875
1764,2022-03-16,,35906.99609375
1765,2022-03-17,,34707.5078125
1766,2022-03-18,,37183.359375
1767,2022-03-19,,35767.80078125
1768,2022-03-20,,37534.2734375
1769,2022-03-21,,36954.765625
1770,2022-03-22,,36553.8203125
1771,2022-03-23,,36589.8828125
1772,2022-03-24,,37633.09765625
1773,2022-03-25,,37581.87109375
1774,2022-03-26,,38769.9140625
1775,2022-03-27,,38561.30078125
1776,2022-03-28,,38971.80859375
1777,2022-03-29,,40926.73828125
1778,2022-03-30,,40108.234375
1779,2022-03-31,,41180.078125
1780,2022-04-01,,40196.78125
1781,2022-04-02,,39414.953125
1782,2022-04-03,,40466.73046875
1783,2022-04-04,,39297.16796875
1784,2022-04-05,,40596.6640625
1785,2022-04-06,,39946.4609375
1786,2022-04-07,,39410.49609375
1787,2022-04-08,,37566.3359375
1788,2022-04-09,,38683.7109375
1789,2022-04-10,,36695.94921875
1790,2022-04-11,,38229.98046875
1791,2022-04-12,,36724.8984375
1792,2022-04-13,,35166.859375
1793,2022-04-14,,36290.5546875
1794,2022-04-15,,36372.4921875
1795,2022-04-16,,35367.234375
1796,2022-04-17,,36484.12109375
1797,2022-04-18,,35688.6328125
1798,2022-04-19,,35553.33203125
1799,2022-04-20,,36560.4609375
1800,2022-04-21,,36637.390625
1801,2022-04-22,,36653.1796875
1802,2022-04-23,,35950.015625
1803,2022-04-24,,35551.1796875
1804,2022-04-25,,35369.49609375
1805,2022-04-26,,35338.12890625
1806,2022-04-27,,36197.53515625
1807,2022-04-28,,33737.07421875
1808,2022-04-29,,35948.19140625
1809,2022-04-30,,35073.94140625
1810,2022-05-01,,34668.30859375
1811,2022-05-02,,34023.26953125
1812,2022-05-03,,34844.01953125
1813,2022-05-04,,34422.7734375
1814,2022-05-05,,34023.0078125
1815,2022-05-06,,35934.10546875
1816,2022-05-07,,32148.53515625
1817,2022-05-08,,33094.625
1818,2022-05-09,,31987.564453125
1819,2022-05-10,,31299.46875
1820,2022-05-11,,27816.767578125
1821,2022-05-12,,28652.056640625
1822,2022-05-13,,26559.96875
1823,2022-05-14,,27460.220703125
1824,2022-05-15,,27097.57421875
1825,2022-05-16,,28054.240234375
1826,2022-05-17,,
